{"cameraMode":{"drawMode":2,"name":"Shaded Wireframe","section":"Shading Mode"},"sceneLighting":false,"audioPlay":false,"sceneViewState":{"showFog":true,"showMaterialUpdate":false,"showSkybox":true,"showFlares":true,"showImageEffects":true,"showParticleSystems":true},"in2DMode":false,"pivot":{"x":-0.4950631260871887,"y":1.3563177585601807,"z":-0.23743124306201936},"rotation":{"x":-0.060810498893260959,"y":0.2754160463809967,"z":-0.017460061237215997,"w":-0.9592434167861939},"size":13.986933708190918,"orthographic":false}